start_year,last_flagged_year,country,series,coverage_start,coverage_end,source_sheet,source_start_row,source_url,source_sha256,episode_rule,retrieved
1814,1814,USA,Banking Crisis,1800,2014,Sheet1,14122,https://www.hbs.edu/behavioral-finance-and-financial-stability/Documents/ChartData/MapCharts/20160923_global_crisis_data.xlsx,7b74a710942bb311223be23f84e305994ee23575af821f4169d97b88e7fe400e,First year of maximal consecutive run of numeric Banking Crisis = 1; missing is not zero,2026-09-20
1817,1819,USA,Banking Crisis,1800,2014,Sheet1,14125,https://www.hbs.edu/behavioral-finance-and-financial-stability/Documents/ChartData/MapCharts/20160923_global_crisis_data.xlsx,7b74a710942bb311223be23f84e305994ee23575af821f4169d97b88e7fe400e,First year of maximal consecutive run of numeric Banking Crisis = 1; missing is not zero,2026-09-20
1825,1825,USA,Banking Crisis,1800,2014,Sheet1,14133,https://www.hbs.edu/behavioral-finance-and-financial-stability/Documents/ChartData/MapCharts/20160923_global_crisis_data.xlsx,7b74a710942bb311223be23f84e305994ee23575af821f4169d97b88e7fe400e,First year of maximal consecutive run of numeric Banking Crisis = 1; missing is not zero,2026-09-20
1837,1838,USA,Banking Crisis,1800,2014,Sheet1,14145,https://www.hbs.edu/behavioral-finance-and-financial-stability/Documents/ChartData/MapCharts/20160923_global_crisis_data.xlsx,7b74a710942bb311223be23f84e305994ee23575af821f4169d97b88e7fe400e,First year of maximal consecutive run of numeric Banking Crisis = 1; missing is not zero,2026-09-20
1841,1841,USA,Banking Crisis,1800,2014,Sheet1,14149,https://www.hbs.edu/behavioral-finance-and-financial-stability/Documents/ChartData/MapCharts/20160923_global_crisis_data.xlsx,7b74a710942bb311223be23f84e305994ee23575af821f4169d97b88e7fe400e,First year of maximal consecutive run of numeric Banking Crisis = 1; missing is not zero,2026-09-20
1857,1857,USA,Banking Crisis,1800,2014,Sheet1,14165,https://www.hbs.edu/behavioral-finance-and-financial-stability/Documents/ChartData/MapCharts/20160923_global_crisis_data.xlsx,7b74a710942bb311223be23f84e305994ee23575af821f4169d97b88e7fe400e,First year of maximal consecutive run of numeric Banking Crisis = 1; missing is not zero,2026-09-20
1861,1861,USA,Banking Crisis,1800,2014,Sheet1,14169,https://www.hbs.edu/behavioral-finance-and-financial-stability/Documents/ChartData/MapCharts/20160923_global_crisis_data.xlsx,7b74a710942bb311223be23f84e305994ee23575af821f4169d97b88e7fe400e,First year of maximal consecutive run of numeric Banking Crisis = 1; missing is not zero,2026-09-20
1864,1864,USA,Banking Crisis,1800,2014,Sheet1,14172,https://www.hbs.edu/behavioral-finance-and-financial-stability/Documents/ChartData/MapCharts/20160923_global_crisis_data.xlsx,7b74a710942bb311223be23f84e305994ee23575af821f4169d97b88e7fe400e,First year of maximal consecutive run of numeric Banking Crisis = 1; missing is not zero,2026-09-20
1873,1873,USA,Banking Crisis,1800,2014,Sheet1,14181,https://www.hbs.edu/behavioral-finance-and-financial-stability/Documents/ChartData/MapCharts/20160923_global_crisis_data.xlsx,7b74a710942bb311223be23f84e305994ee23575af821f4169d97b88e7fe400e,First year of maximal consecutive run of numeric Banking Crisis = 1; missing is not zero,2026-09-20
1884,1884,USA,Banking Crisis,1800,2014,Sheet1,14192,https://www.hbs.edu/behavioral-finance-and-financial-stability/Documents/ChartData/MapCharts/20160923_global_crisis_data.xlsx,7b74a710942bb311223be23f84e305994ee23575af821f4169d97b88e7fe400e,First year of maximal consecutive run of numeric Banking Crisis = 1; missing is not zero,2026-09-20
1893,1893,USA,Banking Crisis,1800,2014,Sheet1,14201,https://www.hbs.edu/behavioral-finance-and-financial-stability/Documents/ChartData/MapCharts/20160923_global_crisis_data.xlsx,7b74a710942bb311223be23f84e305994ee23575af821f4169d97b88e7fe400e,First year of maximal consecutive run of numeric Banking Crisis = 1; missing is not zero,2026-09-20
1907,1907,USA,Banking Crisis,1800,2014,Sheet1,14215,https://www.hbs.edu/behavioral-finance-and-financial-stability/Documents/ChartData/MapCharts/20160923_global_crisis_data.xlsx,7b74a710942bb311223be23f84e305994ee23575af821f4169d97b88e7fe400e,First year of maximal consecutive run of numeric Banking Crisis = 1; missing is not zero,2026-09-20
1914,1914,USA,Banking Crisis,1800,2014,Sheet1,14222,https://www.hbs.edu/behavioral-finance-and-financial-stability/Documents/ChartData/MapCharts/20160923_global_crisis_data.xlsx,7b74a710942bb311223be23f84e305994ee23575af821f4169d97b88e7fe400e,First year of maximal consecutive run of numeric Banking Crisis = 1; missing is not zero,2026-09-20
1929,1933,USA,Banking Crisis,1800,2014,Sheet1,14237,https://www.hbs.edu/behavioral-finance-and-financial-stability/Documents/ChartData/MapCharts/20160923_global_crisis_data.xlsx,7b74a710942bb311223be23f84e305994ee23575af821f4169d97b88e7fe400e,First year of maximal consecutive run of numeric Banking Crisis = 1; missing is not zero,2026-09-20
1984,1991,USA,Banking Crisis,1800,2014,Sheet1,14292,https://www.hbs.edu/behavioral-finance-and-financial-stability/Documents/ChartData/MapCharts/20160923_global_crisis_data.xlsx,7b74a710942bb311223be23f84e305994ee23575af821f4169d97b88e7fe400e,First year of maximal consecutive run of numeric Banking Crisis = 1; missing is not zero,2026-09-20
2007,2010,USA,Banking Crisis,1800,2014,Sheet1,14315,https://www.hbs.edu/behavioral-finance-and-financial-stability/Documents/ChartData/MapCharts/20160923_global_crisis_data.xlsx,7b74a710942bb311223be23f84e305994ee23575af821f4169d97b88e7fe400e,First year of maximal consecutive run of numeric Banking Crisis = 1; missing is not zero,2026-09-20
