year,month,survey_date,source,individual_poll_pct,smoothed_trend_pct
1958,12,12/01/1958,NES,73,73
1964,10,10/15/1964,NES,77,77
1966,12,12/01/1966,NES,65,65
1968,10,10/15/1968,NES,62,62
1970,12,12/01/1970,NES,54,54
1972,10,10/15/1972,NES,53,53
1974,12,12/01/1974,NES,36,36
1976,2,2/08/1976,CBS/NYT,36,35
1976,3,3/01/1976,GALLUP,33,34
1976,6,6/15/1976,CBS/NYT,33,35
1976,9,9/05/1976,CBS/NYT,40,35
1976,10,10/15/1976,NES,33,36
1977,4,4/25/1977,CBS/NYT,35,34
1977,10,10/23/1977,CBS/NYT,33,32
1978,12,12/01/1978,NES,29,31
1979,11,11/03/1979,CBS/NYT,30,28
1980,3,3/12/1980,CBS/NYT,26,27
1980,10,10/15/1980,NES,25,30
1980,11,11/07/1980,CBS/NYT,39,32
1982,12,12/01/1982,NES,33,39
1984,10,10/15/1984,NES,44,41
1984,11,11/14/1984,CBS/NYT,46,44
1985,2,2/22/1985,ABC/POST,43,45
1985,2,2/27/1985,CBS/NYT,46,42
1985,3,3/21/1985,ABC/POST,37,40
1985,7,7/29/1985,ABC/POST,38,42
1985,11,11/06/1985,CBS/NYT,49,43
1986,1,1/19/1986,CBS/NYT,42,44
1986,9,9/09/1986,ABC/POST,40,44
1986,11,11/30/1986,CBS/NYT,49,43
1986,12,12/01/1986,NES,39,44
1987,1,1/19/1987,ABC/POST,44,42
1987,1,1/21/1987,CBS/NYT,43,43
1987,3,3/01/1987,CBS/NYT,42,44
1987,6,6/01/1987,ABC/POST,47,43
1987,10,10/18/1987,CBS/NYT,41,43
1988,1,1/23/1988,ABC/POST,39,40
1988,10,10/15/1988,NES,41,41
1988,11,11/10/1988,CBS/NYT,44,43
1989,1,1/15/1989,CBS/NYT,44,41
1989,6,6/29/1989,CBS/NYT,35,39
1990,1,1/16/1990,ABC/POST,38,38
1990,9,9/06/1990,ABC/POST,42,35
1990,10,10/28/1990,CBS/NYT,25,32
1990,12,12/01/1990,NES,28,33
1991,1,1/27/1991,ABC/POST,46,40
1991,3,3/01/1991,ABC/POST,45,46
1991,3,3/06/1991,CBS/NYT,47,42
1991,10,10/20/1991,ABC/POST,35,35
1992,6,6/08/1992,GALLUP,23,29
1992,10,10/15/1992,NES,29,25
1992,10,10/23/1992,CBS/NYT,22,25
1993,1,1/14/1993,CBS/NYT,24,25
1993,1,1/17/1993,ABC/POST,28,25
1993,3,3/24/1993,GALLUP,22,25
1994,1,1/20/1994,ABC/POST,24,22
1994,1,1/30/1994,GALLUP,19,20
1994,6,6/06/1994,GALLUP,17,19
1994,10,10/23/1994,ABC/POST,22,20
1994,10,10/29/1994,CBS/NYT,22,22
1994,12,12/01/1994,NES,22,21
1995,2,2/22/1995,CBS/NYT,18,21
1995,3,3/19/1995,ABC/POST,22,20
1995,8,8/05/1995,CBS/NYT,20,21
1995,8,8/07/1995,GALLUP,22,22
1995,11,11/19/1995,ABC/POST,25,27
1996,5,5/06/1996,ABC/POST,34,29
1996,5,5/12/1996,GALLUP,27,31
1996,10,10/15/1996,NES,33,28
1996,11,11/02/1996,CBS/NYT,25,27
1997,1,1/14/1997,CBS/NYT,23,27
1997,6,6/01/1997,GALLUP,32,26
1997,8,8/27/1997,ABC/POST,22,31
1997,10,10/31/1997,Pew Research Center,39,31
1998,1,1/19/1998,ABC/POST,31,32
1998,1,1/25/1998,CBS/NYT,26,32
1998,2,2/01/1998,GALLUP,39,33
1998,2,2/22/1998,Pew Research Center,34,35
1998,8,8/10/1998,ABC/POST,34,31
1998,10,10/26/1998,CBS/NYT,26,28
1998,11,11/01/1998,CBS/NYT,24,26
1998,11,11/15/1998,Pew Research Center,26,30
1998,12,12/01/1998,NES,40,33
1999,1,1/03/1999,CBS/NYT,33,37
1999,1,1/10/1999,CBS/NYT,37,34
1999,2,2/04/1999,GALLUP,33,34
1999,2,2/12/1999,ABC/POST,32,32
1999,2,2/21/1999,Pew Research Center,31,31
1999,5,5/16/1999,Pew Research Center,31,33
1999,9,9/14/1999,CBS/NYT,38,33
1999,10,10/03/1999,CBS/NYT,30,36
2000,2,2/14/2000,Pew Research Center,40,34
2000,4,4/02/2000,ABC/POST,31,38
2000,7,7/09/2000,GALLUP,42,39
2000,10,10/15/2000,NES,44,42
2000,10,10/31/2000,CBS/NYT,40,38
2001,1,1/17/2001,CBS/NYT,31,44
2001,10,10/06/2001,GALLUP,60,49
2001,10,10/25/2001,CBS/NYT,55,54
2001,12,12/07/2001,CBS/NYT,48,49
2002,1,1/24/2002,CBS/NYT,46,46
2002,6,6/17/2002,GALLUP,44,43
2002,7,7/13/2002,CBS/NYT,38,40
2002,9,9/02/2002,CBS/NYT,38,40
2002,9,9/04/2002,GALLUP,46,46
2002,10,10/15/2002,NES,55,46
2003,7,7/27/2003,CBS/NYT,36,43
2003,10,10/26/2003,GALLUP,37,36
2004,3,3/21/2004,Pew Research Center,36,38
2004,7,7/15/2004,CBS/NYT,40,41
2004,10,10/15/2004,NES,46,39
2005,6,6/19/2005,GALLUP,30,35
2005,9,9/09/2005,CBS/NYT,29,30
2005,9,9/11/2005,Pew Research Center,31,31
2005,12,12/02/2005,CBS/NYT,32,32
2006,1,1/06/2006,GALLUP,32,32
2006,1,1/20/2006,CBS/NYT,32,33
2006,2,2/05/2006,Pew Research Center,34,31
2006,9,9/15/2006,CBS/NYT,28,30
2006,10,10/08/2006,CBS/NYT,29,29
2007,1,1/09/2007,Pew Research Center,31,28
2007,7,7/09/2007,CBS/NYT,24,24
2008,10,10/13/2008,CBS/NYT,17,24
2008,10,10/15/2008,NES,31,24
2008,12,12/21/2008,CNN,26,25
2009,6,6/12/2009,CBS/NYT,20,23
2009,8,8/31/2009,CBS/NYT,24,22
2009,12,12/20/2009,CNN,20,21
2010,1,1/10/2010,GALLUP,19,20
2010,2,2/05/2010,CBS/NYT,19,21
2010,2,2/12/2010,CNN,26,22
2010,3,3/21/2010,Pew Research Center,22,24
2010,4,4/05/2010,CBS/NYT,20,23
2010,4,4/05/2010,Pew Research Center,25,22
2010,9,9/01/2010,CNN,25,23
2010,9,9/06/2010,Pew Research Center,24,23
2010,10,10/01/2010,CBS/NYT,18,21
2010,10,10/21/2010,CBS/NYT,22,23
2011,2,2/28/2011,Pew Research Center,29,23
2011,8,8/21/2011,Pew Research Center,19,21
2011,9,9/23/2011,CNN,15,18
2011,10,10/04/2011,Pew Research Center,20,15
2011,10,10/19/2011,CBS/NYT,10,17
2012,10,10/31/2012,NES,22,19
2013,1,1/13/2013,Pew Research Center,26,23
2013,2,2/06/2013,CBS/NYT,20,22
2013,5,5/31/2013,CBS/NYT,20,20
2013,10,10/13/2013,Pew Research Center,19,19
2013,11,11/15/2013,CBS/NYT,17,20
2014,2,2/26/2014,Pew Research Center,24,18
2014,7,7/20/2014,CNN,14,19
2015,10,10/04/2015,Pew Research Center,19,18
2017,4,4/11/2017,Pew Research Center,20,19
2017,12,12/04/2017,Pew Research Center,18,18
2019,3,3/25/2019,Pew Research Center,17,17
2020,4,4/12/2020,Pew Research Center,27,21
2020,8,8/2/2020,Pew Research Center,20,24
2021,4,4/11/2021,Pew Research Center,24,21
2022,5,5/01/2022,Pew Research Center,20,20
2023,6,6/11/2023,Pew Research Center,16,19
2024,5,5/19/2024,Pew Research Center,22,18
2025,2,2/9/2025,Pew Research Center,17,19
2025,9,9/28/2025,Pew Research Center,17,17
