peak,trough,peak_year,source
Jun 1857,Dec 1858,1857,"NBER Business Cycle Dating Committee, read 17 Sep 2026; research C §8b"
Oct 1860,Jun 1861,1860,same
Apr 1865,Dec 1867,1865,same
Jun 1869,Dec 1870,1869,same
Oct 1873,Mar 1879,1873,same
Mar 1882,May 1885,1882,same
Mar 1887,Apr 1888,1887,same
Jul 1890,May 1891,1890,same
Jan 1893,Jun 1894,1893,same
Dec 1895,Jun 1897,1895,same
Jun 1899,Dec 1900,1899,same
Sep 1902,Aug 1904,1902,same
May 1907,Jun 1908,1907,same
Jan 1910,Jan 1912,1910,same
Jan 1913,Dec 1914,1913,same
Aug 1918,Mar 1919,1918,same
Jan 1920,Jul 1921,1920,same
May 1923,Jul 1924,1923,same
Oct 1926,Nov 1927,1926,same
Aug 1929,Mar 1933,1929,same
May 1937,Jun 1938,1937,same
Feb 1945,Oct 1945,1945,same
Nov 1948,Oct 1949,1948,same
Jul 1953,May 1954,1953,same
Aug 1957,Apr 1958,1957,same
Apr 1960,Feb 1961,1960,same
Dec 1969,Nov 1970,1969,same
Nov 1973,Mar 1975,1973,same
Jan 1980,Jul 1980,1980,same
Jul 1981,Nov 1982,1981,same
Jul 1990,Mar 1991,1990,same
Mar 2001,Nov 2001,2001,same
Dec 2007,Jun 2009,2007,same
Feb 2020,Apr 2020,2020,same
