saeculum,turning,name,start,end,source_note
Late Medieval,3 Unraveling,Retreat from France,1435,1459,"The Fourth Turning (1997), confirmed via Open Library search-inside; research A §3"
Late Medieval,4 Crisis,Wars of the Roses,1459,1487,same
Reformation,1 High,Tudor Renaissance,1487,1517,same
Reformation,2 Awakening,Protestant Reformation,1517,1542,same
Reformation,3 Unraveling,Intolerance and Martyrdom,1542,1569,same
Reformation,4 Crisis,Armada Crisis,1569,1594,same
New World,1 High,Merrie England,1594,1621,same
New World,2 Awakening,Puritan Awakening,1621,1649,same
New World,3 Unraveling,Reaction and Restoration,1649,1675,same
New World,4 Crisis,Glorious Revolution,1675,1704,same
Revolutionary,1 High,Augustan Age of Empire,1704,1727,same
Revolutionary,2 Awakening,Great Awakening,1727,1746,same
Revolutionary,3 Unraveling,French and Indian Wars,1746,1773,same
Revolutionary,4 Crisis,American Revolution,1773,1794,same
Civil War,1 High,Era of Good Feelings,1794,1822,same
Civil War,2 Awakening,Transcendental Awakening,1822,1844,same
Civil War,3 Unraveling,Mexican War and Sectionalism,1844,1860,same
Civil War,4 Crisis,Civil War,1860,1865,same
Great Power,1 High,Reconstruction and Gilded Age,1865,1886,same
Great Power,2 Awakening,Third Great Awakening,1886,1908,same
Great Power,3 Unraveling,World War I and Prohibition,1908,1929,same
Great Power,4 Crisis,Great Depression and World War II,1929,1946,same
Millennial,1 High,American High,1946,1964,same
Millennial,2 Awakening,Consciousness Revolution,1964,1984,same
Millennial,3 Unraveling,Culture Wars,1984,2005,"1997 projection ('2005?')"
Millennial,4 Crisis,Millennial Crisis,2005,2026,"1997 projection ('2005?–2026?'); end capped at 2026 = today for counting"
